,contract_name
0,bVault
1,MerlinStrategyAlpacaBNB
2,MoneyMarket
3,Reservoir
4,LoanTokenLogicWeth
5,LiFiDiamond
6,KyberNetworkProxy
7,ElevenNeverSellVault
8,CompoundModel
9,BurgeToken
10,HunnyMinter
11,LEVToken
12,Swap
13,Keep3rV2Oracle
14,LoanTokenLogicStandard
15,UFragments
16,USDCVault
17,MetaSwapUtils
18,IMBTC
19,BoggedFinance
20,THORChain_Router
21,DInterest
22,MPHMinter
23,LPTokenMaster
24,ImpossiblePair
25,MarginPool
26,
27,Balancer Pool Token (BPT)
28,Balancer Pool Token (BPT)
29,Balancer Pool Token (BPT)
30,Balancer Pool Token (BPT)
31,ProxyAdmin
32,SushiMaker
33,MedamonERC20
34,Pancake LPs (Cake-LP)
35,SushiMaker
36,StrategyLiquidate
37,FNFTHandler
38,StakePool
39,Flipper
40,Flipper
41,BEP20MOX
42,SmartTimelock
43,Proxy
44,JulProtocolV2
45,TransmuterEth
46,TransmuterEth
47,QBridge
48,VaultCore
49,MappableToken
50,CheesePriceOracle
51,
52,
53,MasterChef
54,AdminUpgradeabilityProxy
55,CErc20Delegator
56,MarketPlaceV2
57, Blacksmith
58,VaultStrategyAlpacaRabbit
59,BANK (ibETH)
60,MasterUranium
61,stkGRO_rAAVE
62,xWinFarm
63,ValueLiquidFormula
64,MainchainGatewayProxy
65,ElephantReserve
66,BvaultsBank
67,InitializableProductProxy
68,InitializableProductProxy
69,SharkMinter
70,LoanToken
71,Staking
72,ControllerV4
73,setPrizeStrategy
74,WDOGE
75,Pancake LPs (Cake-LP)
76,YEED
77,MultiStablesVault
78,RewardsHypervisor
79,BEP20InfinityToken
80,THORChain_Router
81,OlympusBondDepository
82,ForceProfitSharing
83,MPriceCalculatorBSC
84,AnyswapV4Router
85,SingleStrategyToken2 (bEllipsisBUSD)
86,
87,ProfitSharingRewardPool
88,
89,PErc20Delegator
90,MasterChef
91,AutoCake
92,BancorNetwork
93,BancorNetwork
94,BancorNetwork
95,AdminUpgradeabilityProxy
96,Comptroller
97,ConvexToken
98,FinsPair
99,yDAI
100,THORChain_Router
101,CEtherDelegator
102,SorbettoFragola
103,BPool
104,AnyswapV4Router
105,AnyswapV4Router
106,UniswapV3Pool
107,StrategyControllerV1
108,Root
109,Utils
110,UraniumPair
111,UraniumPair
112,UraniumPair
113,UraniumPair
114,UraniumPair
115,xSNXAdmin
116,
117,WarpVaultSC
118,Vyper_contract
119,oToken
120,LockProxy
121,LockProxy
122,VaultFlipToCake
123,WUSDMaster
124,PIDAO
125,Pancake LPs (Cake-LP)
126,UniCatFarm
127,GemSwap LP Token (GLP)
128,GemSwap LP Token (GLP)
129,GemSwap LP Token (GLP)
130,GemSwap LP Token (GLP)
131,GemSwap LP Token (GLP)
132,GemSwap LP Token (GLP)
133,GemSwap LP Token (GLP)
134,GemSwap LP Token (GLP)
135,GemSwap LP Token (GLP)
136,GemSwap LP Token (GLP)
137,GemSwap LP Token (GLP)
138,GemSwap LP Token (GLP)
139,GemSwap LP Token (GLP)
140,GemSwap LP Token (GLP)
141,GemSwap LP Token (GLP)
142,GemSwap LP Token (GLP)
143,GemSwap LP Token (GLP)
144,BunnyMinterV2
145,Hypervisor
146,Hypervisor
147,WETHCalculator
148,FinsPair
149,BZxVault
150,Monoswap
151,MasterChef
152,FnxToken
153,SaverExchange
154,TetherToken
155,IndexPool
156,Diamond
157,VaultCore
158,Bridge
159,Bridge
160,HomoraBankv2
161,Dragos
162,DVM
163,LiquidBoardroom
164,xSNXAdmin
165,YFVRewardsLINKPool
166,DemaxPair
167,VAULT
168,SavingsModule
169,UniswapV2Router02
170,CEther
171,Cream.Finance: crAMP Token
172,Vether3
173,Memestake
174,Governance
175,BMIZapper
176,GUniRouter02
177,ArrayCollater
178,PriceOracle
179,UniswapConnector03
